{
  "metadata": {
    "start_time": "2025-08-25T03:05:18.202517",
    "current_epoch": 50,
    "total_epochs": 50,
    "metrics_tracked": [
      "loss",
      "accuracy",
      "f1_score"
    ]
  },
  "training_data": {
    "loss": [
      1.4930021661617792,
      1.3899174689137976,
      1.3584810054084975,
      1.3302455808714144,
      1.2351740754662066,
      1.1804682488409346,
      1.1662947790209708,
      1.1076951319764945,
      1.0836504799271847,
      1.0587779177136207,
      0.9712511273975423,
      0.9463568164871977,
      0.9203522943398137,
      0.942563652718284,
      0.8521728249803636,
      0.7929254784361277,
      0.811565689845836,
      0.781574050934921,
      0.7581962111184749,
      0.7017747457568213,
      0.6547840969784638,
      0.647248061743813,
      0.6170587251822297,
      0.5795322398345774,
      0.5952088582298829,
      0.5499149339638071,
      0.5390939500091532,
      0.4927220862871705,
      0.4725862961021347,
      0.454648606992877,
      0.43616202975524887,
      0.4416376636549899,
      0.41810922220288005,
      0.43000745522620226,
      0.40122543988594284,
      0.3747036198474944,
      0.34606756562435687,
      0.3375081122539932,
      0.3271803420700276,
      0.34459038013871796,
      0.2974576766723258,
      0.300912140346531,
      0.27439169407329195,
      0.2581692041515181,
      0.2511850238474077,
      0.2733450777021517,
      0.2731777875663884,
      0.22119860897862567,
      0.24652725501796757,
      0.23528556805663867
    ],
    "accuracy": [
      0.2638180074332944,
      0.2187570506661561,
      0.26410035033276114,
      0.19597010257790254,
      0.2529220541507663,
      0.27252645724110447,
      0.3166191668373826,
      0.27752842363404184,
      0.3451359908206381,
      0.2667021513398381,
      0.3371964957728302,
      0.36218172877798654,
      0.384571472384522,
      0.45375005694506165,
      0.4089553708393241,
      0.39398684237155496,
      0.45564020129745164,
      0.3645543330050364,
      0.37130342939638905,
      0.41221870041901104,
      0.45921831183484424,
      0.43892630577855907,
      0.4952801635554585,
      0.48280708912809084,
      0.5433896964727194,
      0.5317329110256369,
      0.49429933845825547,
      0.5393023943526114,
      0.5456429752217733,
      0.5571427108754262,
      0.574085702846673,
      0.6085817129751988,
      0.6134062692541047,
      0.5629837102041317,
      0.5886700060264668,
      0.6126880181756882,
      0.6486110330486378,
      0.6654402818256712,
      0.6799762352688806,
      0.6382543968532651,
      0.698487613235988,
      0.725351176287416,
      0.7217924722060521,
      0.7281019084169422,
      0.7367633084849721,
      0.7871189385417707,
      0.7197073710689375,
      0.7747118342168996,
      0.8232396236364001,
      0.8322826432017196
    ],
    "f1_score": [
      0.2128180074332944,
      0.1667570506661561,
      0.21110035033276114,
      0.14197010257790255,
      0.19792205415076627,
      0.21652645724110445,
      0.25961916683738256,
      0.21952842363404176,
      0.2861359908206381,
      0.20670215133983807,
      0.2761964957728302,
      0.30018172877798655,
      0.321571472384522,
      0.3897500569450616,
      0.34395537083932404,
      0.3279868423715549,
      0.3886402012974516,
      0.29655433300503636,
      0.302303429396389,
      0.34221870041901103,
      0.38821831183484423,
      0.3669263057785591,
      0.4222801635554585,
      0.40880708912809083,
      0.4683896964727193,
      0.4557329110256368,
      0.4172993384582554,
      0.4613023943526113,
      0.4666429752217733,
      0.47714271087542615,
      0.49308570284667297,
      0.5265817129751987,
      0.5304062692541046,
      0.4789837102041316,
      0.5036700060264667,
      0.5266880181756881,
      0.5616110330486377,
      0.5774402818256711,
      0.5909762352688805,
      0.5482543968532652,
      0.607487613235988,
      0.633351176287416,
      0.6287924722060522,
      0.6341019084169423,
      0.6417633084849721,
      0.6911189385417708,
      0.6227073710689375,
      0.6767118342168996,
      0.7242396236364,
      0.7322826432017195
    ]
  },
  "validation_data": {
    "loss": [
      1.5313237593789615,
      1.4095321993796177,
      1.403870342061988,
      1.3592704418528458,
      1.2352908665138256,
      1.1839315072756789,
      1.1809792836436246,
      1.1202295829211903,
      1.0994303409259527,
      1.090232051496711,
      0.9821914010014885,
      0.9551903375543536,
      0.9530097601639385,
      0.9840303717704048,
      0.8569820514635845,
      0.8322807116440762,
      0.8565757174985075,
      0.8177142630846345,
      0.769356129772021,
      0.7217557749555509,
      0.6726072934699606,
      0.6885234185654822,
      0.6552326428166313,
      0.6173709646689464,
      0.6261067544854488,
      0.5633265808085866,
      0.5836142983660202,
      0.5050827190642001,
      0.487953781269515,
      0.49905169351403805,
      0.45518472124734555,
      0.4480490951490497,
      0.4622483524264248,
      0.4650002804222103,
      0.4036726195198585,
      0.3794064856944853,
      0.3491038364842627,
      0.35830163424666794,
      0.3391312228172585,
      0.35557266880355864,
      0.3130999444689009,
      0.34615737334894725,
      0.2829873666493766,
      0.2720514780012887,
      0.27624935290019936,
      0.31480531071897977,
      0.28494442601950853,
      0.23786752027103028,
      0.24966795656934004,
      0.27452789765441316
    ],
    "accuracy": [
      0.26229013960639574,
      0.1403315563716887,
      0.25126376975974035,
      0.17175042499440246,
      0.17485848199736015,
      0.20572914112319818,
      0.2935735178204755,
      0.19948519747754934,
      0.28817611184383835,
      0.24133583349422377,
      0.2754383548552372,
      0.2914897267009481,
      0.34817134689145535,
      0.4035946450051576,
      0.39306497383929717,
      0.3666012962001419,
      0.38350637429533335,
      0.29806064605525046,
      0.35351797076569375,
      0.3387991982383856,
      0.44775962309921613,
      0.41465256522910626,
      0.4594394679718118,
      0.4325272411332132,
      0.5327994772412907,
      0.4992242675283799,
      0.4928609403576857,
      0.4850682684774962,
      0.5292914687659379,
      0.4814502495740939,
      0.5005405711530222,
      0.548084433706371,
      0.5864398809569417,
      0.5604102500580053,
      0.562116498259329,
      0.5593678912265859,
      0.578102900747595,
      0.6107438372386212,
      0.6218229540341409,
      0.5873393311831844,
      0.6472784204604403,
      0.7200806673919762,
      0.6609985928751521,
      0.7190869984536039,
      0.6593811619205832,
      0.7465120859218787,
      0.7099184940012261,
      0.7370714561395129,
      0.79298182618392,
      0.8037335379113167
    ],