{
  "metadata": {
    "start_time": "2025-08-21T07:00:15.999744",
    "current_epoch": 50,
    "total_epochs": 50,
    "metrics_tracked": [
      "loss",
      "accuracy",
      "f1_score"
    ]
  },
  "training_data": {
    "loss": [
      1.473128836722642,
      1.3988510509628211,
      1.339706023647545,
      1.2801053276496637,
      1.233914167815097,
      1.2249823891395777,
      1.1517224510705366,
      1.0921771118442356,
      1.0567149427156302,
      1.0166636113064194,
      1.02815068492315,
      0.9332336426815031,
      0.9195383449458283,
      0.9119442837358814,
      0.8521785591547275,
      0.8443525498590452,
      0.8023402365838604,
      0.7426082393527228,
      0.7274688030519382,
      0.6927536382633005,
      0.6987371539559217,
      0.6802820170105944,
      0.6072331992725146,
      0.592392244706365,
      0.5526368628273434,
      0.5821894634038518,
      0.5097510550713977,
      0.49941699662147787,
      0.5092949231040373,
      0.4553923454180851,
      0.43991034778861976,
      0.4368087818732943,
      0.4456988733936984,
      0.3927648868124435,
      0.4233190743622078,
      0.36861251143738283,
      0.3441426649306371,
      0.3640459813713642,
      0.3489977707398475,
      0.34397637524868147,
      0.29918279318207036,
      0.3070188478916878,
      0.2775895099590323,
      0.26314280546164925,
      0.2683774198803523,
      0.26042996143507685,
      0.2501612290668546,
      0.25622960826899344,
      0.22038559294314897,
      0.2500505069654901
    ],
    "accuracy": [
      0.24394467799415726,
      0.2381765313828674,
      0.24532536857180898,
      0.24611035579965326,
      0.2658180381981243,
      0.3170405975397474,
      0.3020468388869484,
      0.2989535562336993,
      0.2977995463909164,
      0.33118354225296043,
      0.2699039467015619,
      0.3490585549722919,
      0.32824247700946324,
      0.3128693120373409,
      0.40896110501368804,
      0.4454139137944724,
      0.36158525196452396,
      0.4035201445872347,
      0.45396916253707426,
      0.45876019208746815,
      0.40082863118769796,
      0.5221076494882223,
      0.4854546376457435,
      0.5060529157436968,
      0.49918229892982013,
      0.5640074404656816,
      0.5236422333960109,
      0.5260026953130814,
      0.5870656517801294,
      0.5636010275497819,
      0.577834020880044,
      0.6037528311935032,
      0.6409959204449229,
      0.6157737213821097,
      0.6734236284497981,
      0.6187791265857998,
      0.641313867645082,
      0.6200218490569579,
      0.6342063360612996,
      0.7211315982566983,
      0.6837872702542673,
      0.6765421161674271,
      0.7070097119082075,
      0.7229244902729265,
      0.7604290875479726,
      0.7742038222746959,
      0.7852760704315288,
      0.7396808349265318,
      0.7789020384384185,
      0.8470475821105711
    ],
    "f1_score": [
      0.19294467799415724,
      0.18617653138286738,
      0.19232536857180896,
      0.19211035579965327,
      0.21081803819812425,
      0.26104059753974734,
      0.24504683888694834,
      0.24095355623369924,
      0.23879954639091638,
      0.27118354225296043,
      0.20890394670156195,
      0.2870585549722919,
      0.26524247700946324,
      0.2488693120373409,
      0.343961105013688,
      0.37941391379447237,
      0.2945852519645239,
      0.3355201445872346,
      0.3849691625370742,
      0.38876019208746815,
      0.32982863118769795,
      0.45010764948822235,
      0.41245463764574347,
      0.43205291574369686,
      0.42418229892982007,
      0.48800744046568156,
      0.4466422333960108,
      0.44800269531308134,
      0.5080656517801293,
      0.4836010275497819,
      0.49683402088004386,
      0.5217528311935031,
      0.557995920444923,
      0.5317737213821097,
      0.588423628449798,
      0.5327791265857997,
      0.554313867645082,
      0.5320218490569578,
      0.5452063360612995,
      0.6311315982566983,
      0.5927872702542674,
      0.5845421161674271,
      0.6140097119082075,
      0.6289244902729265,
      0.6654290875479726,
      0.6782038222746959,
      0.6882760704315288,
      0.6416808349265318,
      0.6799020384384185,
      0.747047582110571
    ]
  },
  "validation_data": {
    "loss": [
      1.5040321947466029,
      1.4231643964117577,
      1.348151687098633,
      1.28173216949197,
      1.245261170159308,
      1.24972515201953,
      1.1931957174369354,
      1.0990384038029635,
      1.0764834007374249,
      1.054131861738691,
      1.0408979382442567,
      0.9737216309148089,
      0.9378258932483559,
      0.9498259969396003,
      0.8837893125954381,
      0.875461914925268,
      0.8070484615533459,
      0.778875059823822,
      0.7746809171521702,
      0.7357873430099847,
      0.7021073494775807,
      0.7231343488649736,
      0.6283459874489234,
      0.6116456803537862,
      0.5936656051100273,
      0.6170262508230923,
      0.5484500523777909,
      0.5005462913350596,
      0.5548318796589349,
      0.47360547375771456,
      0.46149164502777057,
      0.4530589277876675,
      0.47559880707275387,
      0.39802111115306127,
      0.45953593291744793,
      0.4021814653762723,
      0.34716741504217347,
      0.37431303093042795,
      0.3879110224364247,
      0.35682319958004455,
      0.31688353845924083,
      0.32918893212378053,
      0.278841577777096,
      0.27393941168820163,
      0.2954413142557607,
      0.3051791823458677,
      0.27395143234915653,
      0.30545594734192755,
      0.22513239380225267,
      0.2715299877893909
    ],
    "accuracy": [
      0.18174869884216988,
      0.16035260949597502,
      0.20181076160508848,
      0.20979249217810864,
      0.22683091155628823,
      0.24612546471842156,
      0.27188116628003844,
      0.2902265136100674,
      0.2936974089395377,
      0.25675616004657864,
      0.2413744985905527,
      0.3291349664597219,
      0.31203622906248707,
      0.2571491742904877,
      0.3462670828577341,
      0.440972877301272,
      0.28672911926181893,
      0.38018907724174494,
      0.4443631699660773,
      0.42581207197282894,
      0.3309411905190718,
      0.4490114599940991,
      0.4838399971792716,
      0.4728965065205791,
      0.4699281075094387,
      0.5600901025262632,
      0.47094730586304556,
      0.5253481590087623,
      0.5083895677198604,
      0.5215207057269571,
      0.5676380745831252,
      0.5366305677063865,
      0.6289741974487469,
      0.5903326719838101,
      0.6394103283849941,
      0.5713719091470051,
      0.6038089076114032,
      0.5855022116867249,
      0.6086195464867974,
      0.6670571798777303,
      0.6452459240007126,
      0.6731726904811562,
      0.6735743876056998,
      0.6958522206515401,
      0.7385886881899307,
      0.7353120068586707,
      0.7471884317557711,
      0.7175937330751703,
      0.7028965691425435,
      0.8228677244084147
    ],