{
  "metadata": {
    "start_time": "2025-08-21T07:05:06.231234",
    "current_epoch": 50,
    "total_epochs": 50,
    "metrics_tracked": [
      "loss",
      "accuracy",
      "f1_score"
    ]
  },
  "training_data": {
    "loss": [
      1.4791571029266342,
      1.412051899995042,
      1.3545886783882355,
      1.287676907075542,
      1.265568099613098,
      1.1833891487080284,
      1.1660024977338752,
      1.0927339894845585,
      1.0675885111104526,
      1.0343245197265962,
      0.9848833941339482,
      0.9931032260719743,
      0.9166518542580147,
      0.8632745091080283,
      0.8594030183565261,
      0.8436335691103138,
      0.7867492749636957,
      0.7851433524072344,
      0.7289937150809458,
      0.7086647069488505,
      0.6591118254432684,
      0.6883482624103944,
      0.6253754122737744,
      0.5798240283065468,
      0.5549805352229998,
      0.5465998753709895,
      0.5388864308786468,
      0.49085518164281916,
      0.5147054531350689,
      0.46783226659463784,
      0.4766863234163292,
      0.4556709211197924,
      0.43607831931744834,
      0.42590960291511876,
      0.3905793836061736,
      0.3605448473595672,
      0.3959969246647131,
      0.38230382114520184,
      0.33561789486840443,
      0.31959114509308595,
      0.30868570048136224,
      0.2835874551194132,
      0.27147908757872596,
      0.30900161559274425,
      0.30691126424351484,
      0.2701044986984701,
      0.23485331987403033,
      0.22518706923593212,
      0.23091188471552915,
      0.20578999046009613
    ],
    "accuracy": [
      0.24997294419814947,
      0.19662261958491162,
      0.26020802331249937,
      0.2385387763737749,
      0.29747196999612524,
      0.275447357108198,
      0.316326885550287,
      0.29248956612597793,
      0.2869259779960938,
      0.2911555493268626,
      0.3131712374907639,
      0.27907186163723685,
      0.3311289676972769,
      0.3744609133348059,
      0.4161855642154866,
      0.339305066954259,
      0.37717621358468867,
      0.36098503153272316,
      0.4005059254339181,
      0.4053287392269818,
      0.4404539597003512,
      0.5301738948880224,
      0.4484031493529969,
      0.49348469934387873,
      0.4968386265341637,
      0.49558214756718066,
      0.5534931424112383,
      0.5374354897082599,
      0.5924761818111609,
      0.5760409487263347,
      0.6146099965077534,
      0.5453850295599989,
      0.6313753663686729,
      0.5670815625152151,
      0.599316062306236,
      0.6371532093363846,
      0.698540392088994,
      0.7102359907168798,
      0.6475862119327427,
      0.6632536318988971,
      0.6742843629549755,
      0.7080264910602981,
      0.7188798657114861,
      0.7789343198581684,
      0.6810370680888649,
      0.7838783595380892,
      0.7580318387612954,
      0.7707233739595931,
      0.8076242533339617,
      0.797212934394823
    ],
    "f1_score": [
      0.19897294419814945,
      0.1446226195849116,
      0.20720802331249938,
      0.18453877637377492,
      0.2424719699961252,
      0.219447357108198,
      0.25932688555028693,
      0.23448956612597788,
      0.22792597799609382,
      0.2311555493268626,
      0.2521712374907639,
      0.21707186163723685,
      0.2681289676972769,
      0.3104609133348059,
      0.3511855642154865,
      0.27330506695425894,
      0.3101762135846886,
      0.2929850315327231,
      0.33150592543391805,
      0.3353287392269818,
      0.3694539597003512,
      0.4581738948880223,
      0.3754031493529969,
      0.4194846993438787,
      0.42183862653416365,
      0.4195821475671806,
      0.47649314241123814,
      0.4594354897082599,
      0.5134761818111608,
      0.49604094872633464,
      0.5336099965077533,
      0.4633850295599988,
      0.5483753663686728,
      0.4830815625152151,
      0.5143160623062359,
      0.5511532093363846,
      0.6115403920889939,
      0.6222359907168797,
      0.5585862119327426,
      0.5732536318988971,
      0.5832843629549755,
      0.6160264910602982,
      0.6258798657114861,
      0.6849343198581684,
      0.5860370680888649,
      0.6878783595380891,
      0.6610318387612955,
      0.6727233739595931,
      0.7086242533339616,
      0.6972129343948229
    ]
  },
  "validation_data": {
    "loss": [
      1.4940918869750004,
      1.421974274505693,
      1.3721293706165139,
      1.3108462668092564,
      1.2977922714296637,
      1.1858739309539377,
      1.2070974293135965,
      1.1124433220393517,
      1.1009278288163662,
      1.0652659795246564,
      1.003194813953923,
      1.009934558813303,
      0.9417105648872436,
      0.9047348115772453,
      0.903335166189632,
      0.8581671513422283,
      0.7973232563006577,
      0.8277088157709517,
      0.7641425257619593,
      0.736416223639208,
      0.6746061588457393,
      0.7230903349470533,
      0.644260049543966,
      0.5964284380485397,
      0.5662658290316548,
      0.5839546641048138,
      0.5466625608293694,
      0.5002001494500689,
      0.5283247969754165,
      0.5161139565394066,
      0.4850606949436714,
      0.4690990523977088,
      0.46670860052435037,
      0.4344730714110674,
      0.4258859642391297,
      0.3642868686190131,
      0.41935889331699056,
      0.38383856736676714,
      0.3432170385483991,
      0.35482506867232555,
      0.31651200401991736,
      0.2864846762327554,
      0.2907154381211829,
      0.35327184694812436,
      0.3248684854051984,
      0.28348257382544595,
      0.2623870448212444,
      0.25698080604490653,
      0.2734806709987221,
      0.2204815210015889
    ],
    "accuracy": [
      0.22601261077292545,
      0.130517421724562,
      0.22955107015633644,
      0.1729119876339668,
      0.2939086780668126,
      0.2741210393722552,
      0.25338701836430916,
      0.2840198737495742,
      0.22103594075554978,
      0.26314534455507566,
      0.29327225506853816,
      0.2205350060487394,
      0.2791731577730439,
      0.33636381120061454,
      0.40734548275320537,
      0.31978188588764644,
      0.3702869705986929,
      0.3196052941767362,
      0.3382602572947456,
      0.362647120146919,
      0.3730002763832538,
      0.515832403000966,
      0.42120718514704714,
      0.4364048994251023,
      0.4545627086609179,
      0.4833503629556971,
      0.5483575560090513,
      0.5110732729523962,
      0.5857170991508492,
      0.56921516272046,
      0.5504527917038691,
      0.5023598443525453,
      0.5641828672251941,
      0.5450811895158039,
      0.556183090631036,
      0.5621688752534592,
      0.6482755377156789,
      0.7067766509275099,
      0.6243852598346892,
      0.5914120256667792,
      0.652149111043459,
      0.6667444151310431,
      0.6734488682233489,
      0.7027621394706787,
      0.6742775877783401,
      0.7771500154702833,
      0.7394363234497768,
      0.7047679985707594,
      0.7702058172775967,
      0.789903947863165
    ],