{
  "metadata": {
    "start_time": "2025-08-25T03:07:24.012220",
    "current_epoch": 50,
    "total_epochs": 50,
    "metrics_tracked": [
      "loss",
      "accuracy",
      "f1_score"
    ]
  },
  "training_data": {
    "loss": [
      1.4436417936458164,
      1.4126133998093946,
      1.3504723678573844,
      1.2803879830901879,
      1.2397569592824278,
      1.196385784458386,
      1.1403970339652978,
      1.1194906626666832,
      1.0582350635568758,
      1.020157893428494,
      1.006766540224992,
      0.9289985167194398,
      0.9104498319105045,
      0.8638350552728493,
      0.8446148724307843,
      0.8015002493549453,
      0.790900882539227,
      0.7665444666089093,
      0.755560300178342,
      0.6743018446540953,
      0.6724263289175088,
      0.6257247265079015,
      0.627214084886604,
      0.6346651461498295,
      0.6058215106040047,
      0.5684013995627615,
      0.5448726665329403,
      0.5028026341490139,
      0.49148796600639,
      0.46647144670897994,
      0.45317070143646265,
      0.44525922809513163,
      0.4429812854655077,
      0.3955631213876815,
      0.3856213907538278,
      0.3933814923994948,
      0.3500730863782292,
      0.342073467339573,
      0.35953034273919227,
      0.32579290635892977,
      0.3010885382760166,
      0.3504759317166235,
      0.282701161047893,
      0.2909230738228628,
      0.2503588120256537,
      0.2749334358206075,
      0.3007152150527812,
      0.24536708584312966,
      0.21751480781862387,
      0.22267237370019577
    ],
    "accuracy": [
      0.2095423650826685,
      0.1960611197705591,
      0.2560917127816482,
      0.25017229964087084,
      0.2716608296654551,
      0.2555560071414443,
      0.27727857821829044,
      0.3262671070561469,
      0.31972057445032914,
      0.3346778243750352,
      0.2912880913997201,
      0.3448234290102286,
      0.37466900995521285,
      0.3750214594996269,
      0.35860258171025533,
      0.40256161329037254,
      0.4349753939908427,
      0.45241608266895184,
      0.48206065966347805,
      0.4403083984782629,
      0.4271394562261108,
      0.46044964101447067,
      0.44656447674016725,
      0.42767418281283875,
      0.4459976511531588,
      0.4737806233754087,
      0.4885206219344684,
      0.5226170577855453,
      0.5267413053175181,
      0.5746801288406769,
      0.5910943745278868,
      0.6122032774153405,
      0.5537216674832679,
      0.5974280440426524,
      0.6357259448414182,
      0.6699898543763122,
      0.6353834461974899,
      0.6419943630887491,
      0.7123262359380452,
      0.6570518706330533,
      0.7021184748396787,
      0.7749149676575084,
      0.7301019391806531,
      0.695144221911713,
      0.7375895203067261,
      0.7152927033397736,
      0.6921699435825446,
      0.8014566426476044,
      0.7817728235629436,
      0.8196694488452767
    ],
    "f1_score": [
      0.15854236508266847,
      0.14406111977055908,
      0.20309171278164823,
      0.19617229964087085,
      0.21666082966545505,
      0.19955600714144422,
      0.22027857821829036,
      0.26826710705614687,
      0.26072057445032915,
      0.2746778243750352,
      0.23028809139972012,
      0.2828234290102286,
      0.31166900995521285,
      0.3110214594996269,
      0.2936025817102553,
      0.3365616132903725,
      0.3679753939908426,
      0.3844160826689518,
      0.413060659663478,
      0.3703083984782629,
      0.3561394562261108,
      0.38844964101447066,
      0.37356447674016724,
      0.3536741828128387,
      0.37099765115315875,
      0.39778062337540865,
      0.4115206219344683,
      0.4446170577855452,
      0.447741305317518,
      0.49468012884067675,
      0.5100943745278868,
      0.5302032774153405,
      0.4707216674832678,
      0.5134280440426523,
      0.5507259448414181,
      0.5839898543763121,
      0.5483834461974898,
      0.553994363088749,
      0.6233262359380451,
      0.5670518706330533,
      0.6111184748396787,
      0.6829149676575086,
      0.6371019391806532,
      0.601144221911713,
      0.6425895203067261,
      0.6192927033397736,
      0.5951699435825446,
      0.7034566426476044,
      0.6827728235629436,
      0.7196694488452766
    ]
  },
  "validation_data": {
    "loss": [
      1.4855630213420443,
      1.4461101376577403,
      1.3831793875389848,
      1.3084584857903003,
      1.2773468716675938,
      1.237350417201932,
      1.1862112635823046,
      1.1381032861161846,
      1.08344518787726,
      1.0651118783682738,
      1.014223629771745,
      0.9481802816161835,
      0.9356054273164308,
      0.9009915451721366,
      0.8529838622447697,
      0.8511272797078798,
      0.8122793971206664,
      0.7758994540609672,
      0.8048830349767397,
      0.6856848710096585,
      0.6761784461617765,
      0.6643532429714477,
      0.6682141571172632,
      0.6826288391882035,
      0.6244330084164563,
      0.5743828922266275,
      0.5674052529762018,
      0.5395567620722697,
      0.5218085652383971,
      0.48965489742150836,
      0.46167325227605366,
      0.479959588043213,
      0.4800579102373441,
      0.40139115501530154,
      0.4007266428478771,
      0.39914514441193866,
      0.35967963689491783,
      0.3438022474822511,
      0.38286736692794127,
      0.3576562837839732,
      0.30998672234947106,
      0.388318259830296,
      0.2993983778362321,
      0.29481290395751286,
      0.2561971900055707,
      0.2923832682959312,
      0.33574185870042866,
      0.27370057496483247,
      0.22826722857381318,
      0.24358980165942068
    ],
    "accuracy": [
      0.15271718116809344,
      0.15293010328534684,
      0.20095918295468268,
      0.17017231566997326,
      0.22987983576444038,
      0.2370858900508925,
      0.25730543747879137,
      0.32443421828377955,
      0.3170649849066875,
      0.31185173059651017,
      0.24303423719590778,
      0.31103856858460427,
      0.3015778529135126,
      0.32996930821974096,
      0.3537909613319656,
      0.37315036855297323,
      0.41078041077015626,
      0.40973131659503914,
      0.47156536543826366,
      0.4289409486695173,
      0.40820081691639665,
      0.4018561085930855,
      0.4423726844866415,
      0.36037561479914404,
      0.4266152470271582,
      0.45791555755052576,
      0.45603814350441585,
      0.5015670234168005,
      0.45575585061204404,
      0.5500322834713222,
      0.5633243635395374,
      0.5624467078004755,
      0.5171010344651832,
      0.5558549641986299,
      0.6154862359131041,
      0.6391421954692533,
      0.6089402481028974,
      0.5733949383046912,
      0.6344359216375769,
      0.6029838563985223,
      0.6466539817409256,
      0.7723336798467806,
      0.6801096218287345,
      0.6327314509116763,
      0.6764302853794959,
      0.7106848691488739,
      0.6600430798613699,
      0.7593746687135854,
      0.7800184134098854,
      0.7920218332156554
    ],