{
  "metadata": {
    "start_time": "2025-08-21T07:01:41.167765",
    "current_epoch": 50,
    "total_epochs": 50,
    "metrics_tracked": [
      "loss",
      "accuracy",
      "f1_score"
    ]
  },
  "training_data": {
    "loss": [
      1.4662401454565814,
      1.404627824139458,
      1.3497236735660367,
      1.3124109443102372,
      1.2342122629602164,
      1.1955276139937359,
      1.1555153410560535,
      1.1148460700526517,
      1.0585950440488014,
      1.0126947333880416,
      0.9882772258857695,
      0.940566558123736,
      0.9037969162374275,
      0.9483610847384469,
      0.8430601809213125,
      0.8050552948553958,
      0.7838746857412485,
      0.7718701850826399,
      0.7455432962596769,
      0.743056561646451,
      0.6744749077279043,
      0.622737775858368,
      0.6078431983373326,
      0.5799586728563221,
      0.5790015080923238,
      0.5676065454491299,
      0.5754231419163722,
      0.49393397891571855,
      0.5208063346476035,
      0.47943632219550447,
      0.48627627168236337,
      0.45426278838992257,
      0.44279675452482214,
      0.41431813458119987,
      0.4066128334087659,
      0.37519232968213434,
      0.37835670073202643,
      0.33439604454907285,
      0.32618894513858976,
      0.3161354566759849,
      0.294962412511563,
      0.33345122319017567,
      0.2737721851022608,
      0.29542286625608716,
      0.26006403704018116,
      0.2771678552446138,
      0.2691087576776398,
      0.22477171798583787,
      0.2324530088651915,
      0.23452805648299388
    ],
    "accuracy": [
      0.23705598672809655,
      0.2040466954404957,
      0.25534301849030044,
      0.21380473913907974,
      0.25388386665675644,
      0.2875858223939057,
      0.30583972887246513,
      0.32162251444211554,
      0.32008055494225485,
      0.3127853356654174,
      0.3542225942610574,
      0.35639147041452485,
      0.3680160942821359,
      0.27645251103477547,
      0.399842726780273,
      0.377883341209177,
      0.4279491971928642,
      0.37425819885731765,
      0.3839563442551871,
      0.3709368845293814,
      0.42509087741571533,
      0.46456340833599596,
      0.4860646367105613,
      0.493619343893654,
      0.5271823463351603,
      0.5494245225109597,
      0.5900298534489636,
      0.5314857130188406,
      0.49742293667630455,
      0.5323549956727988,
      0.6241999447737875,
      0.6212068377101315,
      0.5539061984239535,
      0.578673030849134,
      0.6567173874963562,
      0.6518006916589517,
      0.6070998318436926,
      0.6496717858792492,
      0.6570151616625574,
      0.6932906796840017,
      0.6959923490752252,
      0.7578902591310607,
      0.721172963235021,
      0.6906444294784886,
      0.7521157047078014,
      0.7909417160842328,
      0.723776400957686,
      0.7711387252096874,
      0.766834622516376,
      0.8315251316280748
    ],
    "f1_score": [
      0.18605598672809653,
      0.15204669544049568,
      0.2023430184903004,
      0.15980473913907975,
      0.1988838666567564,
      0.23158582239390563,
      0.2488397288724651,
      0.2636225144421155,
      0.26108055494225485,
      0.2527853356654174,
      0.29322259426105746,
      0.29439147041452485,
      0.3050160942821359,
      0.21245251103477547,
      0.33484272678027294,
      0.31188334120917693,
      0.3609491971928641,
      0.3062581988573176,
      0.31495634425518704,
      0.3009368845293814,
      0.3540908774157153,
      0.39256340833599596,
      0.4130646367105613,
      0.41961934389365396,
      0.45218234633516013,
      0.4734245225109597,
      0.5130298534489636,
      0.4534857130188406,
      0.4184229366763045,
      0.4523549956727987,
      0.5431999447737874,
      0.5392068377101314,
      0.47090619842395337,
      0.494673030849134,
      0.5717173874963561,
      0.5658006916589516,
      0.5200998318436927,
      0.5616717858792492,
      0.5680151616625573,
      0.6032906796840017,
      0.6049923490752253,
      0.6658902591310607,
      0.628172963235021,
      0.5966444294784887,
      0.6571157047078015,
      0.6949417160842328,
      0.626776400957686,
      0.6731387252096874,
      0.6678346225163759,
      0.7315251316280748
    ]
  },
  "validation_data": {
    "loss": [
      1.4878925518200017,
      1.4313027318819072,
      1.3969984513289957,
      1.3478692896346778,
      1.252828086247319,
      1.2084608838477862,
      1.1989582632484574,
      1.1183314284207435,
      1.06640484011579,
      1.0233546555898816,
      1.0377890030913453,
      0.9844684717024805,
      0.9048181445595871,
      0.9756701964282919,
      0.8469787270297573,
      0.8156903378067961,
      0.7876807380920018,
      0.8150167767158578,
      0.7673685904381242,
      0.7850331466734219,
      0.7216523799321628,
      0.6471149495634033,
      0.6557541271378314,
      0.6096570187463441,
      0.6034861007655562,
      0.6134751986387088,
      0.6235865847858747,
      0.5101718705815361,
      0.5593691083760285,
      0.5153398045066968,
      0.5301373826013638,
      0.4890561149525333,
      0.45238382555395545,
      0.4299737955222611,
      0.4221714792234593,
      0.38764202001389625,
      0.41697910920312814,
      0.35848540627280895,
      0.34273900063527046,
      0.34790600743809774,
      0.32151541876923656,
      0.3690305753742224,
      0.3100893737752847,
      0.3219395249626646,
      0.26793868343559146,
      0.31618111962062095,
      0.31263233501611054,
      0.27219446598218366,
      0.2537173396730944,
      0.2726808968299742
    ],
    "accuracy": [
      0.2043867621183843,
      0.15737365086616445,
      0.22462300333592602,
      0.1742895224240339,
      0.2137623205748015,
      0.2720353504132349,
      0.2626788132939918,
      0.25618596105031194,
      0.26813090217094826,
      0.23922995666854607,
      0.2981527709595687,
      0.3229362473209859,
      0.3483288038234239,
      0.22842122166558243,
      0.32868369592016294,
      0.3200504217566145,
      0.3775037743250084,
      0.35751455815146044,
      0.3571515402336573,
      0.35709934413335376,
      0.3534282640849627,
      0.43637546872951877,
      0.4246854779764376,
      0.4216463256520471,
      0.5162535086980511,
      0.5290201483233489,
      0.5594525685554428,
      0.4972437703035283,
      0.45270408779844307,
      0.5125454227918633,
      0.5635187272488897,
      0.5732751116032471,
      0.4986110455621367,
      0.5353666618452283,
      0.6082573112012155,
      0.6416800414655581,
      0.5378962350885789,
      0.5760112901665686,
      0.6019251973320651,
      0.6449954606551572,
      0.651040687096061,
      0.6940080628017469,
      0.7176917015433667,
      0.6835935428480141,
      0.676003037158879,
      0.745771621759394,
      0.6460379465899244,
      0.7021742218463337,
      0.7087960456693834,
      0.7680317921880455
    ],